Jul.Day,YYYY/MM/DD,Wdy,IDR/AUD
2456951,10/20/2014,Mon,10539.3
2456952,10/21/2014,Tue,10610.7
2456953,10/22/2014,Wed,10607.6
2456954,10/23/2014,Thu,10598.9
2456955,10/24/2014,Fri,10623.6
2456958,10/27/2014,Mon,10639.8
2456959,10/28/2014,Tue,10750.1
2456960,10/29/2014,Wed,10776.2
2456961,10/30/2014,Thu,10735.9
2456962,10/31/2014,Fri,10655.9
2456965,11/3/2014,Mon,10589.3
2456966,11/4/2014,Tue,10581.9
2456967,11/5/2014,Wed,10396.8
2456968,11/6/2014,Thu,10426.6
2456969,11/7/2014,Fri,10529.1
2456972,11/10/2014,Mon,10520.4
2456974,11/12/2014,Wed,10597.9
2456975,11/13/2014,Thu,10652.7
2456976,11/14/2014,Fri,10724
2456979,11/17/2014,Mon,10596.8
2456980,11/18/2014,Tue,10605.4
2456981,11/19/2014,Wed,10522.6
2456982,11/20/2014,Thu,10471
2456983,11/21/2014,Fri,10480.6
2456986,11/24/2014,Mon,10449.5
2456987,11/25/2014,Tue,10316.1
2456988,11/26/2014,Wed,10421.8
2456989,11/27/2014,Thu,10415
2456990,11/28/2014,Fri,10360.6
2456993,12/1/2014,Mon,10505.5
2456994,12/2/2014,Tue,10364.5
2456995,12/3/2014,Wed,10392.4
2456996,12/4/2014,Thu,10389.2
2456997,12/5/2014,Fri,10230.1
2457000,12/8/2014,Mon,10233.4
2457001,12/9/2014,Tue,10240.9
2457002,12/10/2014,Wed,10252.7
2457003,12/11/2014,Thu,10248.4
2457004,12/12/2014,Fri,10258.1
2457007,12/15/2014,Mon,10405.5
2457008,12/16/2014,Tue,10387
2457009,12/17/2014,Wed,10327.2
2457010,12/18/2014,Thu,10293.5
2457011,12/19/2014,Fri,10164.5
2457014,12/22/2014,Mon,10081.9
2457015,12/23/2014,Tue,10122.6
2457016,12/24/2014,Wed,10133.3
2457021,12/29/2014,Mon,10188.2
2457022,12/30/2014,Tue,10224.7
2457023,12/31/2014,Wed,10084.1
2457025,1/2/2015,Fri,10127.7
2457028,1/5/2015,Mon,10259.1
2457029,1/6/2015,Tue,10303.3
2457030,1/7/2015,Wed,10257
2457031,1/8/2015,Thu,10320.5
2457032,1/9/2015,Fri,10330.9
2457035,1/12/2015,Mon,10252.7
2457036,1/13/2015,Tue,10266.3
2457037,1/14/2015,Wed,10273.7
2457038,1/15/2015,Thu,10312.6
2457039,1/16/2015,Fri,10337.8
2457042,1/19/2015,Mon,10342.1
2457043,1/20/2015,Tue,10291.7
2457044,1/21/2015,Wed,10125.2
2457045,1/22/2015,Thu,10118.2
2457046,1/23/2015,Fri,9940.4
2457049,1/26/2015,Mon,9945.5
2457050,1/27/2015,Tue,9947.5
2457051,1/28/2015,Wed,9926
2457052,1/29/2015,Thu,9710.9
2457053,1/30/2015,Fri,9870
2457056,2/2/2015,Mon,9932.3
2457057,2/3/2015,Tue,9832.6
2457058,2/4/2015,Wed,9837.4
2457059,2/5/2015,Thu,9887.8
2457060,2/6/2015,Fri,9874.8
2457063,2/9/2015,Mon,9922.5
2457064,2/10/2015,Tue,9845.4
2457065,2/11/2015,Wed,9843.4
2457066,2/12/2015,Thu,9971.2
2457067,2/13/2015,Fri,9974.3
2457071,2/17/2015,Tue,9992.8
2457072,2/18/2015,Wed,9985.6
2457073,2/19/2015,Thu,10051.6
2457074,2/20/2015,Fri,9993.9
2457077,2/23/2015,Mon,10020.4
2457078,2/24/2015,Tue,10039.8
2457079,2/25/2015,Wed,10215.7
2457080,2/26/2015,Thu,10063.9
2457081,2/27/2015,Fri,10069.1
2457084,3/2/2015,Mon,10052.6
2457085,3/3/2015,Tue,10168.8
2457086,3/4/2015,Wed,10133.4
2457087,3/5/2015,Thu,10091.7
2457088,3/6/2015,Fri,10028.9
2457091,3/9/2015,Mon,10018.6
2457092,3/10/2015,Tue,10047.9
2457093,3/11/2015,Wed,9975.3
2457094,3/12/2015,Thu,10185.5
2457095,3/13/2015,Fri,10071.1
2457098,3/16/2015,Mon,10178.1
2457099,3/17/2015,Tue,10022.7
2457100,3/18/2015,Wed,10076.3
2457101,3/19/2015,Thu,9906.1
2457102,3/20/2015,Fri,10179.2
2457105,3/23/2015,Mon,10232.3
2457106,3/24/2015,Tue,10147.4
2457107,3/25/2015,Wed,10239.7
2457108,3/26/2015,Thu,10179.2
2457109,3/27/2015,Fri,10159.4
2457112,3/30/2015,Mon,9999
2457113,3/31/2015,Tue,9968.1
2457114,4/1/2015,Wed,9899
2457115,4/2/2015,Thu,9816.5
2457119,4/6/2015,Mon,9930.2
2457120,4/7/2015,Tue,9944.8
2457121,4/8/2015,Wed,9948.5
2457122,4/9/2015,Thu,9890.9
2457123,4/10/2015,Fri,9862.3
2457126,4/13/2015,Mon,9845.4
2457127,4/14/2015,Tue,9926.1
2457128,4/15/2015,Wed,9812.5
2457129,4/16/2015,Thu,10015.8
2457130,4/17/2015,Fri,10008.4
2457133,4/20/2015,Mon,9925.2
2457134,4/21/2015,Tue,10000
2457135,4/22/2015,Wed,10018.9
2457136,4/23/2015,Thu,10056.3
2457137,4/24/2015,Fri,10126.6
2457140,4/27/2015,Mon,10228
2457141,4/28/2015,Tue,10361.3
2457142,4/29/2015,Wed,10478.3
2457143,4/30/2015,Thu,10250.5
2457144,5/1/2015,Fri,10134
2457147,5/4/2015,Mon,10208.6
2457148,5/5/2015,Tue,10391.3
2457149,5/6/2015,Wed,10448.9
2457150,5/7/2015,Thu,10441.3
2457151,5/8/2015,Fri,10397.8
2457154,5/11/2015,Mon,10391.3
2457155,5/12/2015,Tue,10523
2457156,5/13/2015,Wed,10660.4
2457157,5/14/2015,Thu,10650.5
2457158,5/15/2015,Fri,10513.1
2457162,5/19/2015,Tue,10394.6
2457163,5/20/2015,Wed,10343
2457164,5/21/2015,Thu,10347.3
2457165,5/22/2015,Fri,10341.9
2457168,5/25/2015,Mon,10357
2457169,5/26/2015,Tue,10229.8
2457170,5/27/2015,Wed,10133.6
2457171,5/28/2015,Thu,10129.8
2457172,5/29/2015,Fri,10156.4
2457175,6/1/2015,Mon,10054.7
2457176,6/2/2015,Tue,10239.4
2457177,6/3/2015,Wed,10323.4
2457178,6/4/2015,Thu,10185.1
2457179,6/5/2015,Fri,10124.5
2457182,6/8/2015,Mon,10229.1
2457183,6/9/2015,Tue,10178.5
2457184,6/10/2015,Wed,10330.5
2457185,6/11/2015,Thu,10340.3
2457186,6/12/2015,Fri,10352.2
2457189,6/15/2015,Mon,10403.3
2457190,6/16/2015,Tue,10389.2
2457191,6/17/2015,Wed,10257.6
2457192,6/18/2015,Thu,10391.3
2457193,6/19/2015,Fri,10353.3
2457196,6/22/2015,Mon,10345.7
2457197,6/23/2015,Tue,10257
2457198,6/24/2015,Wed,10263.4
2457199,6/25/2015,Thu,10276.4
2457200,6/26/2015,Fri,10164.5
2457203,6/29/2015,Mon,10220.4
2457204,6/30/2015,Tue,10222.4
2457206,7/2/2015,Thu,10198.9
2457207,7/3/2015,Fri,10050
2457210,7/6/2015,Mon,9994.7
2457211,7/7/2015,Tue,9867.8
2457212,7/8/2015,Wed,9969.5
2457213,7/9/2015,Thu,9965.3
2457214,7/10/2015,Fri,9834.4
2457217,7/13/2015,Mon,9845.8
2457218,7/14/2015,Tue,9891.7
2457219,7/15/2015,Wed,9823.7
2457220,7/16/2015,Thu,9909.3
2457221,7/17/2015,Fri,9875.3
2457224,7/20/2015,Mon,9876.3
2457225,7/21/2015,Tue,9925.8
2457226,7/22/2015,Wed,9894.9
2457227,7/23/2015,Thu,9905.2
2457228,7/24/2015,Fri,9799
2457231,7/27/2015,Mon,9794.9
2457232,7/28/2015,Tue,9867.8
2457233,7/29/2015,Wed,9812.5
2457234,7/30/2015,Thu,9772.2
2457235,7/31/2015,Fri,9963.6
2457239,8/4/2015,Tue,10038.2
2457240,8/5/2015,Wed,9881.7
2457241,8/6/2015,Thu,9957.8
2457242,8/7/2015,Fri,10000
2457245,8/10/2015,Mon,10069.8
2457246,8/11/2015,Tue,9876.3
2457247,8/12/2015,Wed,10179.8
2457248,8/13/2015,Thu,10135.8
2457249,8/14/2015,Fri,10153.7
2457252,8/17/2015,Mon,10176.8
2457253,8/18/2015,Tue,10092.6
2457254,8/19/2015,Wed,10136.8
2457255,8/20/2015,Thu,10236.2
2457256,8/21/2015,Fri,10271.3
2457259,8/24/2015,Mon,10122.4
2457260,8/25/2015,Tue,10053.7
2457261,8/26/2015,Wed,10028.8
2457262,8/27/2015,Thu,10076.6
2457263,8/28/2015,Fri,9956.9
2457266,8/31/2015,Mon,9987.2
2457267,9/1/2015,Tue,9968.8
2457268,9/2/2015,Wed,9926.6
2457269,9/3/2015,Thu,9968.8
2457270,9/4/2015,Fri,9766
2457274,9/8/2015,Tue,10071.8
2457275,9/9/2015,Wed,9986.1
2457276,9/10/2015,Thu,10183.7
2457277,9/11/2015,Fri,10097.9
2457280,9/14/2015,Mon,10294.6
2457281,9/15/2015,Tue,10222.9
2457282,9/16/2015,Wed,10405.5
2457283,9/17/2015,Thu,10355
2457284,9/18/2015,Fri,10432.9
2457287,9/21/2015,Mon,10259.9
2457288,9/22/2015,Tue,10214.2
2457289,9/23/2015,Wed,10248.4
2457290,9/24/2015,Thu,10263.8
2457291,9/25/2015,Fri,10267
2457294,9/28/2015,Mon,10283.5
2457295,9/29/2015,Tue,10326.4
2457296,9/30/2015,Wed,10331.9
2457297,10/1/2015,Thu,10364.4
2457298,10/2/2015,Fri,10313.4
2457301,10/5/2015,Mon,10302.2
2457302,10/6/2015,Tue,10134.8
2457303,10/7/2015,Wed,9997.8
2457304,10/8/2015,Thu,10004.2
2457305,10/9/2015,Fri,9881.2
2457309,10/13/2015,Tue,9953.7
2457310,10/14/2015,Wed,9913.6
2457311,10/15/2015,Thu,9832.4
2457312,10/16/2015,Fri,9780.2
2457315,10/19/2015,Mon,9820.9
2457316,10/20/2015,Tue,9908.4
2457317,10/21/2015,Wed,9873
2457318,10/22/2015,Thu,9843.8
2457319,10/23/2015,Fri,9796.9
2457322,10/26/2015,Mon,9934.4
2457323,10/27/2015,Tue,9874.2
2457324,10/28/2015,Wed,9582.7
2457325,10/29/2015,Thu,9614.5
2457326,10/30/2015,Fri,9720.9
2457329,11/2/2015,Mon,9738.6
2457330,11/3/2015,Tue,9690.7
2457331,11/4/2015,Wed,9700
2457332,11/5/2015,Thu,9701
2457333,11/6/2015,Fri,9550
2457336,11/9/2015,Mon,9642.2
2457337,11/10/2015,Tue,9608.3
2457339,11/12/2015,Thu,9662.2
2457340,11/13/2015,Fri,9681.7
2457343,11/16/2015,Mon,9753.6
2457344,11/17/2015,Tue,9772.2
2457345,11/18/2015,Wed,9743.3
2457346,11/19/2015,Thu,9962.5
2457347,11/20/2015,Fri,9843.9
2457350,11/23/2015,Mon,9896.9
2457351,11/24/2015,Tue,9934
2457352,11/25/2015,Wed,9934
2457353,11/26/2015,Thu,9910.3
2457354,11/27/2015,Fri,9905.2
2457357,11/30/2015,Mon,10045.9
2457358,12/1/2015,Tue,10090.7
2457359,12/2/2015,Wed,10064.9
2457360,12/3/2015,Thu,10092.8
2457361,12/4/2015,Fri,10120.7
2457364,12/7/2015,Mon,10018.4
2457365,12/8/2015,Tue,10001.1
2457366,12/9/2015,Wed,9991.9
2457367,12/10/2015,Thu,10127.5
2457368,12/11/2015,Fri,10081.6
2457371,12/14/2015,Mon,10168.4
2457372,12/15/2015,Tue,10052
2457373,12/16/2015,Wed,10151
2457374,12/17/2015,Thu,9918
2457375,12/18/2015,Fri,9986
2457378,12/21/2015,Mon,9836.3
2457379,12/22/2015,Tue,9874.5
2457380,12/23/2015,Wed,9811.8
2457381,12/24/2015,Thu,9963.4
2457386,12/29/2015,Tue,9999
2457387,12/30/2015,Wed,10011.9
2457388,12/31/2015,Thu,10083
2457392,1/4/2016,Mon,10009
2457393,1/5/2016,Tue,9905.9
2457394,1/6/2016,Wed,9857.4
2457395,1/7/2016,Thu,9778.2
2457396,1/8/2016,Fri,9676.5
2457399,1/11/2016,Mon,9736.3
2457400,1/12/2016,Tue,9676.7
2457401,1/13/2016,Wed,9707.8
2457402,1/14/2016,Thu,9736.9
2457403,1/15/2016,Fri,9496.2
2457406,1/18/2016,Mon,9587.5
2457407,1/19/2016,Tue,9578.1
2457408,1/20/2016,Wed,9524.8
2457409,1/21/2016,Thu,9778.4
2457410,1/22/2016,Fri,9729.4
2457413,1/25/2016,Mon,9643.6
2457414,1/26/2016,Tue,9751.5
2457415,1/27/2016,Wed,9836.7
2457416,1/28/2016,Thu,9870.3
2457417,1/29/2016,Fri,9759.8
2457420,2/1/2016,Mon,9631.1
2457421,2/2/2016,Tue,9620.4
2457422,2/3/2016,Wed,9778.2
2457423,2/4/2016,Thu,9803
2457424,2/5/2016,Fri,9635.3
2457427,2/8/2016,Mon,9693.1
2457428,2/9/2016,Tue,9585.3
2457429,2/10/2016,Wed,9519.2
2457430,2/11/2016,Thu,9596.1
2457431,2/12/2016,Fri,9533
2457435,2/16/2016,Tue,9557.3
2457436,2/17/2016,Wed,9709.9
2457437,2/18/2016,Thu,9617.6
2457438,2/19/2016,Fri,9641.2
2457441,2/22/2016,Mon,9710.8
2457442,2/23/2016,Tue,9652.5
2457443,2/24/2016,Wed,9590.3
2457444,2/25/2016,Thu,9687.1
2457445,2/26/2016,Fri,9562.4
2457448,2/29/2016,Mon,9575.2
2457449,3/1/2016,Tue,9616
2457450,3/2/2016,Wed,9690.1
2457451,3/3/2016,Thu,9767.4
2457452,3/4/2016,Fri,9706.9
2457455,3/7/2016,Mon,9734.3
2457456,3/8/2016,Tue,9779.4
2457457,3/9/2016,Wed,9864.4
2457458,3/10/2016,Thu,9757.9
2457459,3/11/2016,Fri,9905.9
2457462,3/14/2016,Mon,9792.2
2457463,3/15/2016,Tue,9872.3
2457464,3/16/2016,Wed,9833.6
2457465,3/17/2016,Thu,10019.1
2457466,3/18/2016,Fri,9988.9
2457469,3/21/2016,Mon,10025.2
2457470,3/22/2016,Tue,10051.5
2457471,3/23/2016,Wed,9945
2457472,3/24/2016,Thu,9972
2457476,3/28/2016,Mon,10053.5
2457477,3/29/2016,Tue,10157.2
2457478,3/30/2016,Wed,10138.8
2457479,3/31/2016,Thu,10160.2
2457480,4/1/2016,Fri,10109.1
2457483,4/4/2016,Mon,10025.2
2457484,4/5/2016,Tue,9909
2457485,4/6/2016,Wed,10054.5
2457486,4/7/2016,Thu,9878
2457487,4/8/2016,Fri,9915.2
2457490,4/11/2016,Mon,10011.3
2457491,4/12/2016,Tue,10002.1
2457492,4/13/2016,Wed,10087.7
2457493,4/14/2016,Thu,10193.8
2457494,4/15/2016,Fri,10123.5
2457497,4/18/2016,Mon,10233
2457498,4/19/2016,Tue,10289.6
2457499,4/20/2016,Wed,10280.3
2457500,4/21/2016,Thu,10164
2457501,4/22/2016,Fri,10182.3
2457504,4/25/2016,Mon,10192.8
2457505,4/26/2016,Tue,10170.9
2457506,4/27/2016,Wed,9993.8
2457507,4/28/2016,Thu,10081
2457508,4/29/2016,Fri,10053.7
2457511,5/2/2016,Mon,10090.5
2457512,5/3/2016,Tue,9900
2457513,5/4/2016,Wed,9897.9
2457514,5/5/2016,Thu,9891.8
2457515,5/6/2016,Fri,9700
2457518,5/9/2016,Mon,9709.2
2457519,5/10/2016,Tue,9718.4
2457520,5/11/2016,Wed,9892.8
2457521,5/12/2016,Thu,9694.8
2457522,5/13/2016,Fri,9701
2457525,5/16/2016,Mon,9696.9
2457526,5/17/2016,Tue,9765
2457527,5/18/2016,Wed,9707.3
2457528,5/19/2016,Thu,9751.6
2457529,5/20/2016,Fri,9769.1
2457533,5/24/2016,Tue,9815.7
2457534,5/25/2016,Wed,9795.8
2457535,5/26/2016,Thu,9873.7
2457536,5/27/2016,Fri,9757.3
2457539,5/30/2016,Mon,9773
2457540,5/31/2016,Tue,9881.2
2457541,6/1/2016,Wed,9874
2457542,6/2/2016,Thu,9843.8
2457543,6/3/2016,Fri,10002.1
2457546,6/6/2016,Mon,9855.2
2457547,6/7/2016,Tue,9925
2457548,6/8/2016,Wed,9888.6
2457549,6/9/2016,Thu,9853.2
2457550,6/10/2016,Fri,9810.4
2457553,6/13/2016,Mon,9850
2457554,6/14/2016,Tue,9838.6
2457555,6/15/2016,Wed,9855.6
2457556,6/16/2016,Thu,9728.6
2457557,6/17/2016,Fri,9803.1
2457560,6/20/2016,Mon,9845.4
2457561,6/21/2016,Tue,9857.7
2457562,6/22/2016,Wed,9899
2457563,6/23/2016,Thu,10089.6
2457564,6/24/2016,Fri,9945.4
2457567,6/27/2016,Mon,9816.4
2457568,6/28/2016,Tue,9721.2
2457569,6/29/2016,Wed,9768.7
2457570,6/30/2016,Thu,9867.3
2457574,7/4/2016,Mon,9879.7
2457575,7/5/2016,Tue,9751.5
2457576,7/6/2016,Wed,9864.6
2457577,7/7/2016,Thu,9820.2
2457578,7/8/2016,Fri,9880
2457581,7/11/2016,Mon,9889
2457582,7/12/2016,Tue,10031.3
2457583,7/13/2016,Wed,9983.8
2457584,7/14/2016,Thu,9953.5
2457585,7/15/2016,Fri,9941.4
2457588,7/18/2016,Mon,9961.6
2457589,7/19/2016,Tue,9766
2457590,7/20/2016,Wed,9857.5
2457591,7/21/2016,Thu,9789
2457592,7/22/2016,Fri,9722.8
2457595,7/25/2016,Mon,9765.3
2457596,7/26/2016,Tue,9927
2457597,7/27/2016,Wed,9763.3
2457598,7/28/2016,Thu,9793.1
2457599,7/29/2016,Fri,9908
2457603,8/2/2016,Tue,9961
2457604,8/3/2016,Wed,9929
2457605,8/4/2016,Thu,10047.4
2457606,8/5/2016,Fri,10036
2457609,8/8/2016,Mon,10091
2457610,8/9/2016,Tue,10069
2457611,8/10/2016,Wed,10077
2457612,8/11/2016,Thu,10129.3
2457613,8/12/2016,Fri,10026.2
2457616,8/15/2016,Mon,10034.4
2457617,8/16/2016,Tue,10101.1
2457618,8/17/2016,Wed,10016.4
2457619,8/18/2016,Thu,10118.6
2457620,8/19/2016,Fri,10013.2
2457623,8/22/2016,Mon,10073.4
2457624,8/23/2016,Tue,10047
2457625,8/24/2016,Wed,10040.8
2457626,8/25/2016,Thu,10047
2457627,8/26/2016,Fri,10060.2
2457630,8/29/2016,Mon,10062.2
2457631,8/30/2016,Tue,10027.6
2457632,8/31/2016,Wed,9968.7
2457633,9/1/2016,Thu,9982.8
2457634,9/2/2016,Fri,10023.5
2457638,9/6/2016,Tue,10056.2
2457639,9/7/2016,Wed,9995.9
2457640,9/8/2016,Thu,9994
2457641,9/9/2016,Fri,9938.4
2457644,9/12/2016,Mon,9840
2457645,9/13/2016,Tue,9834
2457646,9/14/2016,Wed,9871
2457647,9/15/2016,Thu,9873
2457648,9/16/2016,Fri,9894
2457651,9/19/2016,Mon,9964
2457652,9/20/2016,Tue,9890.1
2457653,9/21/2016,Wed,10006
2457654,9/22/2016,Thu,9966
2457655,9/23/2016,Fri,9932.7
2457658,9/26/2016,Mon,9984.2
2457659,9/27/2016,Tue,9946.1
2457660,9/28/2016,Wed,9942.2
2457661,9/29/2016,Thu,9957.4
2457662,9/30/2016,Fri,9954.5
2457665,10/3/2016,Mon,9968.3
2457666,10/4/2016,Tue,9965.3
2457667,10/5/2016,Wed,9940.6
2457668,10/6/2016,Thu,9816.7
2457669,10/7/2016,Fri,9852.9
2457673,10/11/2016,Tue,9792.2
2457674,10/12/2016,Wed,9830.4
2457675,10/13/2016,Thu,9891.1
2457676,10/14/2016,Fri,9920.8
2457679,10/17/2016,Mon,9918.8
2457680,10/18/2016,Tue,9961.4
2457681,10/19/2016,Wed,10010.9
2457682,10/20/2016,Thu,9981.2
2457683,10/21/2016,Fri,9923.5
2457686,10/24/2016,Mon,9880.6
2457687,10/25/2016,Tue,9904.9
2457688,10/26/2016,Wed,9932
2457689,10/27/2016,Thu,9884.5
2457690,10/28/2016,Fri,9847.6
2457693,10/31/2016,Mon,9906.8
2457694,11/1/2016,Tue,9947.6
2457695,11/2/2016,Wed,9966
2457696,11/3/2016,Thu,10080.4
2457697,11/4/2016,Fri,9986.4
2457700,11/7/2016,Mon,10101
2457701,11/8/2016,Tue,10109.8
2457702,11/9/2016,Wed,10086.3
2457703,11/10/2016,Thu,9928.2
2457707,11/14/2016,Mon,10037.3
2457708,11/15/2016,Tue,10053.5
2457709,11/16/2016,Wed,10051
2457710,11/17/2016,Thu,10011
2457711,11/18/2016,Fri,9829.7
2457714,11/21/2016,Mon,9883
2457715,11/22/2016,Tue,9932
2457716,11/23/2016,Wed,9954
2457717,11/24/2016,Thu,10096
2457718,11/25/2016,Fri,10035
2457721,11/28/2016,Mon,10120.2
2457722,11/29/2016,Tue,10133.3
2457723,11/30/2016,Wed,10016.2
2457724,12/1/2016,Thu,10081.6
2457725,12/2/2016,Fri,10100
2457728,12/5/2016,Mon,10021.2
2457729,12/6/2016,Tue,9997.9
2457730,12/7/2016,Wed,10011.1
2457731,12/8/2016,Thu,9847
2457732,12/9/2016,Fri,9893.9
2457735,12/12/2016,Mon,9936.4
2457736,12/13/2016,Tue,9930.3
2457737,12/14/2016,Wed,9956.5
2457738,12/15/2016,Thu,9837
2457739,12/16/2016,Fri,9732
2457742,12/19/2016,Mon,9731
2457743,12/20/2016,Tue,9700
2457744,12/21/2016,Wed,9804
2457745,12/22/2016,Thu,9717
2457746,12/23/2016,Fri,9610.9
2457751,12/28/2016,Wed,9642.6
2457752,12/29/2016,Thu,9736
2457753,12/30/2016,Fri,9707
2457757,1/3/2017,Tue,9716
2457758,1/4/2017,Wed,9761.6
2457759,1/5/2017,Thu,9788.8
2457760,1/6/2017,Fri,9749.5
2457763,1/9/2017,Mon,9833.3
2457764,1/10/2017,Tue,9832.3
2457765,1/11/2017,Wed,9887.9
2457766,1/12/2017,Thu,9956.5
2457767,1/13/2017,Fri,9924.2
2457770,1/16/2017,Mon,10037.8
2457771,1/17/2017,Tue,10044.9
2457772,1/18/2017,Wed,10052.5
2457773,1/19/2017,Thu,10055
2457774,1/20/2017,Fri,10162.6
2457777,1/23/2017,Mon,10153.5
2457778,1/24/2017,Tue,10074.7
2457779,1/25/2017,Wed,10091.9
2457780,1/26/2017,Thu,10068.4
2457781,1/27/2017,Fri,10094.9
2457784,1/30/2017,Mon,10092.9
2457785,1/31/2017,Tue,10080.6
2457786,2/1/2017,Wed,10102.1
2457787,2/2/2017,Thu,10191.9
2457788,2/3/2017,Fri,10303.1
2457791,2/6/2017,Mon,10225.5
2457792,2/7/2017,Tue,10154.5
2457793,2/8/2017,Wed,10162.6
2457794,2/9/2017,Thu,10118.2
2457795,2/10/2017,Fri,10252.1
2457798,2/13/2017,Mon,10193.9
2457799,2/14/2017,Tue,10206.1
2457800,2/15/2017,Wed,10275.5
2457801,2/16/2017,Thu,10251
2457802,2/17/2017,Fri,10247
2457806,2/21/2017,Tue,10292.9
2457807,2/22/2017,Wed,10233.3
2457808,2/23/2017,Thu,10319.4
2457809,2/24/2017,Fri,10269.4
2457812,2/27/2017,Mon,10283.7
2457813,2/28/2017,Tue,10284.8
2457814,3/1/2017,Wed,10227
2457815,3/2/2017,Thu,10142
2457816,3/3/2017,Fri,10141
2457819,3/6/2017,Mon,10167
2457820,3/7/2017,Tue,10197
2457821,3/8/2017,Wed,10069.3
2457822,3/9/2017,Thu,10048.5
2457823,3/10/2017,Fri,10041.6
2457826,3/13/2017,Mon,10098
2457827,3/14/2017,Tue,10097
2457828,3/15/2017,Wed,10111.9
2457829,3/16/2017,Thu,10218
2457830,3/17/2017,Fri,10280
2457833,3/20/2017,Mon,10330
2457834,3/21/2017,Tue,10278
2457835,3/22/2017,Wed,10244
2457836,3/23/2017,Thu,10190
2457837,3/24/2017,Fri,10188
2457840,3/27/2017,Mon,10189
2457841,3/28/2017,Tue,10221
2457842,3/29/2017,Wed,10241
2457843,3/30/2017,Thu,10178
2457844,3/31/2017,Fri,10174
2457847,4/3/2017,Mon,10176
2457848,4/4/2017,Tue,10049.5
2457849,4/5/2017,Wed,10056.4
2457850,4/6/2017,Thu,10021.8
2457851,4/7/2017,Fri,9969.3
2457854,4/10/2017,Mon,10010
2457855,4/11/2017,Tue,9996
2457856,4/12/2017,Wed,9957
2457857,4/13/2017,Thu,10062
2457861,4/17/2017,Mon,10096
2457862,4/18/2017,Tue,10005
2457863,4/19/2017,Wed,10002
2457864,4/20/2017,Thu,10062.4
2457865,4/21/2017,Fri,10078.2
2457868,4/24/2017,Mon,10113.9
2457869,4/25/2017,Tue,9962.1
2457870,4/26/2017,Wed,9944.1
2457871,4/27/2017,Thu,9886.4
2457872,4/28/2017,Fri,9917.5
2457875,5/1/2017,Mon,10087.3
2457876,5/2/2017,Tue,10020.4
2457877,5/3/2017,Wed,9922.3
2457878,5/4/2017,Thu,9870.9
2457879,5/5/2017,Fri,9861.2
2457882,5/8/2017,Mon,9830.1
2457883,5/9/2017,Tue,9791.3
2457884,5/10/2017,Wed,9887.2
2457885,5/11/2017,Thu,9808.7
2457886,5/12/2017,Fri,9845.6
2457889,5/15/2017,Mon,9833
2457890,5/16/2017,Tue,9902
2457891,5/17/2017,Wed,9902.9
2457892,5/18/2017,Thu,9912.7
2457893,5/19/2017,Fri,9895.1
2457897,5/23/2017,Tue,10006.9
2457898,5/24/2017,Wed,9961.4
2457899,5/25/2017,Thu,9941.6
2457900,5/26/2017,Fri,9919.8
2457903,5/29/2017,Mon,9906.9
2457904,5/30/2017,Tue,9949.5
2457905,5/31/2017,Wed,9940.6
2457906,6/1/2017,Thu,9867.3
2457907,6/2/2017,Fri,9933.7
2457910,6/5/2017,Mon,9990.1
2457911,6/6/2017,Tue,10008.9
2457912,6/7/2017,Wed,10090.1
2457913,6/8/2017,Thu,9985.3
2457914,6/9/2017,Fri,10030.7
2457917,6/12/2017,Mon,10012.9
2457918,6/13/2017,Tue,9977
2457919,6/14/2017,Wed,10157.6
2457920,6/15/2017,Thu,10067
2457921,6/16/2017,Fri,10085
2457924,6/19/2017,Mon,10148.5
2457925,6/20/2017,Tue,10063
2457926,6/21/2017,Wed,10055
2457927,6/22/2017,Thu,10087.9
2457928,6/23/2017,Fri,10048
2457931,6/26/2017,Mon,10146.5
2457932,6/27/2017,Tue,10111.1
2457933,6/28/2017,Wed,10161.2
2457934,6/29/2017,Thu,10188.8
2457935,6/30/2017,Fri,10276.3
2457939,7/4/2017,Tue,10147.4
2457940,7/5/2017,Wed,10156.7
2457941,7/6/2017,Thu,10124.7
2457942,7/7/2017,Fri,10205.2
2457945,7/10/2017,Mon,10203.1
2457946,7/11/2017,Tue,10255.3
2457947,7/12/2017,Wed,10225.1
2457948,7/13/2017,Thu,10364.2
2457949,7/14/2017,Fri,10421
2457952,7/17/2017,Mon,10421
2457953,7/18/2017,Tue,10531.6
2457954,7/19/2017,Wed,10536.8
2457955,7/20/2017,Thu,10642.6
2457956,7/21/2017,Fri,10569.2
2457959,7/24/2017,Mon,10557.4
2457960,7/25/2017,Tue,10576.6
2457961,7/26/2017,Wed,10555.3
2457962,7/27/2017,Thu,10624.5
2457963,7/28/2017,Fri,10687.1
2457966,7/31/2017,Mon,10600
2457967,8/1/2017,Tue,10618.1
2457968,8/2/2017,Wed,10653.2
2457969,8/3/2017,Thu,10628.7
2457970,8/4/2017,Fri,10542.1
2457974,8/8/2017,Tue,10557.9
2457975,8/9/2017,Wed,10537.9
2457976,8/10/2017,Thu,10553.7
2457977,8/11/2017,Fri,10532.6
2457980,8/14/2017,Mon,10513.7
2457981,8/15/2017,Tue,10498.9
2457982,8/16/2017,Wed,10544.2
2457983,8/17/2017,Thu,10536.8
2457984,8/18/2017,Fri,10613.8
2457987,8/21/2017,Mon,10621.3
2457988,8/22/2017,Tue,10565.9
2457989,8/23/2017,Wed,10557.4
2457990,8/24/2017,Thu,10531.9
2457991,8/25/2017,Fri,10538.3
2457994,8/28/2017,Mon,10563.8
2457995,8/29/2017,Tue,10606.4
2457996,8/30/2017,Wed,10606.4
2457997,8/31/2017,Thu,10564.9
2457998,9/1/2017,Fri,10619.3
2458002,9/5/2017,Tue,10644.1
2458003,9/6/2017,Wed,10653.3
2458004,9/7/2017,Thu,10723.1
2458005,9/8/2017,Fri,10642.4
2458008,9/11/2017,Mon,10590.2
2458009,9/12/2017,Tue,10608.7
2458010,9/13/2017,Wed,10590.2
2458011,9/14/2017,Thu,10579.4
2458012,9/15/2017,Fri,10602.2
2458015,9/18/2017,Mon,10602.2
2458016,9/19/2017,Tue,10683.7
2458017,9/20/2017,Wed,10747.8
2458018,9/21/2017,Thu,10523.7
2458019,9/22/2017,Fri,10554.9
2458022,9/25/2017,Mon,10544.1
2458023,9/26/2017,Tue,10602.2
2458024,9/27/2017,Wed,10603.2
2458025,9/28/2017,Thu,10608.7
2458026,9/29/2017,Fri,10519.4
2458029,10/2/2017,Mon,10639.2
2458030,10/3/2017,Tue,10630.5
2458031,10/4/2017,Wed,10539.8
2458032,10/5/2017,Thu,10525.9
2458033,10/6/2017,Fri,10475.3
2458037,10/10/2017,Tue,10464.5
2458038,10/11/2017,Wed,10574
2458039,10/12/2017,Thu,10604.4
2458040,10/13/2017,Fri,10697.9
2458043,10/16/2017,Mon,10589.3
2458044,10/17/2017,Tue,10575.2
2458045,10/18/2017,Wed,10638.1
2458046,10/19/2017,Thu,10675
2458047,10/20/2017,Fri,10598.9
2458050,10/23/2017,Mon,10612.9
2458051,10/24/2017,Tue,10481.9
